{"cameraMode":{"drawMode":0,"name":"Shaded","section":"Shading Mode"},"sceneLighting":false,"audioPlay":false,"sceneViewState":{"m_AlwaysRefresh":false,"showFog":true,"showSkybox":false,"showFlares":true,"showImageEffects":true,"showParticleSystems":true,"showVisualEffectGraphs":true,"m_FxEnabled":true},"in2DMode":false,"pivot":{"x":50.068058013916019,"y":-111.34492492675781,"z":91.41630554199219},"rotation":{"x":0.3690437078475952,"y":0.00975876022130251,"z":-0.0038753219414502384,"w":0.9293581247329712},"size":165.5998077392578,"orthographic":false}